player,age,team,position,ppg,assists_per_game,rebounds_per_game,min_per_game
James Harden,30,HOU,SG,34.3,7.5,6.6,36.5
Bradley Beal,26,WAS,SG,30.5,6.1,4.2,36
Damian Lillard,29,POR,PG,30,8,4.3,37.5
Trae Young,21,ATL,PG,29.6,9.3,4.3,35.3
Giannis Antetokounmpo,25,MIL,PF,29.5,5.6,13.6,30.4
Luka Dončić,20,DAL,PG,28.8,8.8,9.4,33.6
Kyrie Irving,27,BRK,PG,27.4,6.4,5.2,32.9
Russell Westbrook,31,HOU,PG,27.2,7,7.9,35.9
Kawhi Leonard,28,LAC,SF,27.1,4.9,7.1,32.4
Devin Booker,23,PHO,SG,26.6,6.5,4.2,35.9
Karl-Anthony Towns,24,MIN,C,26.5,4.4,10.8,33.9
Anthony Davis,26,LAL,PF,26.1,3.2,9.3,34.4
Zach LaVine,24,CHI,SF,25.5,4.2,4.8,34.8
LeBron James,35,LAL,PG,25.3,10.2,7.8,34.6
Donovan Mitchell,23,UTA,SG,24,4.3,4.4,34.3
Brandon Ingram,22,NOP,PF,23.8,4.2,6.1,33.9
Jayson Tatum,21,BOS,PF,23.4,3,7,34.3
D'Angelo Russell,23,2TM,PG,23.1,6.3,3.9,32.3
D'Angelo Russell,23,GSW,PG,23.6,6.2,3.7,32.1
D'Angelo Russell,23,MIN,PG,21.7,6.6,4.6,32.7
Joel Embiid,25,PHI,C,23,3,11.6,29.5
Pascal Siakam,25,TOR,PF,22.9,3.5,7.3,35.2
Zion Williamson,19,NOP,PF,22.5,2.1,6.3,27.8
CJ McCollum,28,POR,SG,22.2,4.4,4.2,36.5
DeMar DeRozan,30,SAS,SF,22.1,5.6,5.5,34.1
Andrew Wiggins,24,2TM,SF,21.8,3.7,5.1,34.4
Andrew Wiggins,24,MIN,SF,22.4,3.7,5.2,34.6
Andrew Wiggins,24,GSW,SF,19.4,3.6,4.6,33.6
John Collins,22,ATL,PF,21.6,1.5,10.1,33.2
Paul George,29,LAC,SF,21.5,3.9,5.7,29.6
De'Aaron Fox,22,SAC,PG,21.1,6.8,3.8,32
Khris Middleton,28,MIL,SF,20.9,4.3,6.2,29.9
Stephen Curry,31,GSW,PG,20.8,6.6,5.2,27.8
Collin Sexton,21,CLE,PG,20.8,3,3.1,33
Spencer Dinwiddie,26,BRK,PG,20.6,6.8,3.5,31.2
Kristaps Porziņģis,24,DAL,C,20.4,1.8,9.5,31.8
Kemba Walker,29,BOS,PG,20.4,4.8,3.9,31.1
Jaylen Brown,23,BOS,SG,20.3,2.1,6.4,33.9
Bojan Bogdanović,30,UTA,SF,20.2,2.1,4.1,33.1
Jimmy Butler,30,MIA,SF,19.9,6,6.7,33.8
Nikola Jokić,24,DEN,C,19.9,7,9.7,32
T.J. Warren,26,IND,SF,19.8,1.5,4.2,32.9
Tobias Harris,27,PHI,PF,19.6,3.2,6.9,34.3
Nikola Vučević,29,ORL,C,19.6,3.6,10.9,32.2
Julius Randle,25,NYK,PF,19.5,3.1,9.7,32.5
Kyle Lowry,33,TOR,PG,19.4,7.5,5,36.2
Buddy Hield,27,SAC,SG,19.2,3,4.6,30.8
Jrue Holiday,29,NOP,SG,19.1,6.7,4.8,34.7
Shai Gilgeous-Alexander,21,OKC,SG,19,3.3,5.9,34.7
LaMarcus Aldridge,34,SAS,C,18.9,2.4,7.4,33.1
Dennis Schröder,26,OKC,PG,18.9,4,3.6,30.8
Danilo Gallinari,31,OKC,PF,18.7,1.9,5.2,29.6
Caris LeVert,25,BRK,SG,18.7,4.4,4.2,29.6
Kelly Oubre Jr.,24,PHO,SF,18.7,1.5,6.4,34.5
Montrezl Harrell,26,LAC,C,18.6,1.7,7.1,27.8
Evan Fournier,27,ORL,SF,18.5,3.2,2.6,31.5
Jamal Murray,22,DEN,PG,18.5,4.8,4,32.3
Domantas Sabonis,23,IND,PF,18.5,5,12.4,34.8
Deandre Ayton,21,PHO,C,18.2,1.9,11.5,32.5
Devonte' Graham,24,CHO,PG,18.2,7.5,3.4,35.1
Lou Williams,33,LAC,PG,18.2,5.6,3.1,28.7
Derrick Rose,31,DET,PG,18.1,5.6,2.4,26
Terry Rozier,25,CHO,PG,18,4.1,4.4,34.3
Ja Morant,20,MEM,PG,17.8,7.3,3.9,31
Andre Drummond,26,2TM,C,17.7,2.7,15.2,33
Andre Drummond,26,DET,C,17.8,2.8,15.8,33.8
Andre Drummond,26,CLE,C,17.5,1.8,11.1,28.1
Kevin Love,31,CLE,PF,17.6,3.2,9.8,31.8
Jusuf Nurkić,25,POR,C,17.6,4,10.3,31.6
Chris Paul,34,OKC,PG,17.6,6.7,5,31.5
Fred VanVleet,25,TOR,SG,17.6,6.6,3.8,35.7
Gordon Hayward,29,BOS,SF,17.5,4.1,6.7,33.5
Jaren Jackson Jr.,20,MEM,C,17.4,1.4,4.6,28.5
Marcus Morris,30,2TM,PF,16.7,1.4,5,31.2
Marcus Morris,30,NYK,SF,19.6,1.4,5.4,32.3
Marcus Morris,30,LAC,PF,10.1,1.4,4.1,28.9
Malcolm Brogdon,27,IND,PG,16.5,7.1,4.9,30.9
Ben Simmons,23,PHI,PG,16.4,8,7.8,35.4
Dillon Brooks,24,MEM,SG,16.2,2.1,3.3,28.9
Goran Dragić,33,MIA,PG,16.2,5.1,3.2,28.2
Norman Powell,26,TOR,SG,16,1.8,3.7,28.4
Bam Adebayo,22,MIA,PF,15.9,5.1,10.2,33.6
Tim Hardaway Jr.,27,DAL,SG,15.8,1.9,3.3,29.5
Luke Kennard,23,DET,SG,15.8,4.1,3.5,32.9
Blake Griffin,30,DET,PF,15.5,3.3,4.7,28.4
Hassan Whiteside,30,POR,C,15.5,1.2,13.5,30
Carmelo Anthony,35,POR,PF,15.4,1.5,6.3,32.8
Dāvis Bertāns,27,WAS,PF,15.4,1.7,4.5,29.3
Serge Ibaka,30,TOR,C,15.4,1.4,8.2,27
Kendrick Nunn,24,MIA,PG,15.3,3.3,2.7,29.3
JJ Redick,35,NOP,SG,15.3,2,2.5,26.4
Jordan Clarkson,27,2TM,SG,15.2,1.9,2.6,24
Jordan Clarkson,27,CLE,SG,14.6,2.4,2.4,23
Jordan Clarkson,27,UTA,SG,15.6,1.6,2.8,24.7
Will Barton,29,DEN,SF,15.1,3.7,6.3,33
Bogdan Bogdanović,27,SAC,SG,15.1,3.4,3.4,29
Rudy Gobert,27,UTA,C,15.1,1.5,13.5,34.3
Alec Burks,28,2TM,SF,15,2.9,4.3,26.6
Alec Burks,28,GSW,SF,16.1,3.1,4.7,29
Alec Burks,28,PHI,SG,12.2,2.1,3.1,20.2
Eric Bledsoe,30,MIL,PG,14.9,5.4,4.6,27
Jonas Valančiūnas,27,MEM,C,14.9,1.9,11.3,26.4
Lauri Markkanen,22,CHI,PF,14.7,1.5,6.3,29.8
Terrence Ross,28,ORL,SG,14.7,1.2,3.2,27.4
Harrison Barnes,27,SAC,PF,14.5,2.2,4.9,34.5
Joe Harris,28,BRK,SF,14.5,2.1,4.3,30.8
Victor Oladipo,27,IND,SG,14.5,2.9,3.9,27.8
Mike Conley,32,UTA,PG,14.4,4.4,3.2,29
Aaron Gordon,24,ORL,PF,14.4,3.7,7.7,32.5
Eric Gordon,31,HOU,SF,14.4,1.5,2,28.2
RJ Barrett,19,NYK,SG,14.3,2.6,5,30.4
Marvin Bagley III,20,SAC,C,14.2,0.8,7.5,25.7
Jabari Parker,24,2TM,PF,14,1.8,5.6,24.1
Jabari Parker,24,ATL,PF,15,1.8,6,26.2
Jabari Parker,24,SAC,PF,8.5,1.7,3.8,13.3
Eric Paschall,23,GSW,PF,14,2.1,4.6,27.6
Clint Capela,25,HOU,C,13.9,1.2,13.8,32.8
Josh Richardson,26,PHI,SG,13.7,2.9,3.2,30.8
Rui Hachimura,21,WAS,PF,13.5,1.8,6.1,30.1
Tyler Herro,20,MIA,SG,13.5,2.2,4.1,27.4
Duncan Robinson,25,MIA,SG,13.5,1.4,3.2,29.7
Thomas Bryant,22,WAS,C,13.2,1.8,7.2,24.9
Coby White,19,CHI,PG,13.2,2.7,3.5,25.8
Christian Wood,24,DET,PF,13.1,1,6.3,21.4
Miles Bridges,21,CHO,SF,13,1.8,5.6,30.7
Ricky Rubio,29,PHO,PG,13,8.8,4.7,31
Marcus Smart,25,BOS,SG,12.9,4.9,3.8,32
Kyle Kuzma,24,LAL,PF,12.8,1.3,4.5,25
Damion Lee,27,GSW,SG,12.7,2.7,4.9,29
Jeremy Lamb,27,IND,SG,12.5,2.1,4.3,28.1
Robert Covington,29,2TM,C,12.4,1.3,6.6,30.5
Robert Covington,29,MIN,PF,12.8,1.2,6,29.4
Robert Covington,29,HOU,C,11.6,1.5,8,33
Seth Curry,29,DAL,SG,12.4,1.9,2.3,24.6
Darius Garland,20,CLE,SG,12.3,3.9,1.9,30.9
Richaun Holmes,26,SAC,C,12.3,1,8.1,28.2
De'Andre Hunter,22,ATL,SF,12.3,1.8,4.5,32
Kevin Huerter,21,ATL,SG,12.2,3.8,4.1,31.4
Isaiah Thomas,30,WAS,PG,12.2,3.7,1.7,23.1
P.J. Washington,21,CHO,PF,12.2,2.1,5.4,30.3
Brandon Clarke,23,MEM,PF,12.1,1.4,5.9,22.4
Markelle Fultz,21,ORL,PG,12.1,5.1,3.3,27.7
Taurean Prince,25,BRK,PF,12.1,1.8,6,29
Myles Turner,23,IND,C,12.1,1.2,6.6,29.5
Jerami Grant,25,DEN,PF,12,1.2,3.5,26.6
Brook Lopez,31,MIL,C,12,1.5,4.6,26.7
Tristan Thompson,28,CLE,C,12,2.1,10.1,30.2
Reggie Jackson,29,2TM,PG,11.9,4.1,3,24
Reggie Jackson,29,DET,PG,14.9,5.1,2.9,27.2
Reggie Jackson,29,LAC,PG,9.5,3.2,3,21.3
Al Horford,33,PHI,C,11.9,4,6.8,30.2
Jonathan Isaac,22,ORL,PF,11.9,1.4,6.8,28.8
Otto Porter Jr.,26,CHI,SF,11.9,1.8,3.4,23.6
Lonzo Ball,22,NOP,PG,11.8,7,6.1,32.1
Glenn Robinson III,26,2TM,SF,11.7,1.5,4.4,28.8
Glenn Robinson III,26,GSW,SF,12.9,1.8,4.7,31.6
Glenn Robinson III,26,PHI,SF,7.7,0.8,3.1,19.3
Patty Mills,31,SAS,PG,11.6,1.8,1.6,22.5
Paul Millsap,34,DEN,PF,11.6,1.6,5.7,24.3
Jordan McRae,28,3TM,SG,11.5,2.5,3.4,21.2
Jordan McRae,28,WAS,SG,12.8,2.8,3.6,22.6
Jordan McRae,28,DEN,SG,2.3,1,1.3,8
Jordan McRae,28,DET,SG,11.8,1.8,3.8,24.5
Aron Baynes,33,PHO,C,11.5,1.6,5.6,22.2
Nemanja Bjelica,31,SAC,PF,11.5,2.8,6.4,27.9
Wendell Carter Jr.,20,CHI,C,11.3,1.2,9.4,29.2
Derrick White,25,SAS,SG,11.3,3.5,3.3,24.7
Justise Winslow,23,MIA,SG,11.3,4,6.6,32
Malik Beasley,23,2TM,SG,11.2,1.4,2.7,22
Malik Beasley,23,DEN,SG,7.9,1.2,1.9,18.2
Malik Beasley,23,MIN,SG,20.7,1.9,5.1,33.1
Bryn Forbes,26,SAS,SG,11.2,1.7,2,25.1
Dion Waiters,28,2TM,SG,11.1,2,2.4,20.7
Dion Waiters,28,MIA,SG,9.3,1,3.7,14
Dion Waiters,28,LAL,SG,11.9,2.4,1.9,23.6
Jarrett Allen,21,BRK,C,11.1,1.6,9.6,26.5
Cody Zeller,27,CHO,C,11.1,1.5,7.1,23.1
Rodney Hood,27,POR,SF,11,1.5,3.4,29.5
Mychal Mulder,25,GSW,SF,11,1.1,3.3,29.1
Cedi Osman,24,CLE,SF,11,2.4,3.6,29.4
Jeff Teague,31,2TM,PG,10.9,5.2,2.4,24.8
Jeff Teague,31,MIN,PG,13.2,6.1,2.6,27.8
Jeff Teague,31,ATL,PG,7.7,4,2.2,20.8
Steven Adams,26,OKC,C,10.9,2.3,9.3,26.7
Dejounte Murray,23,SAS,PG,10.9,4.1,5.8,25.6
Cameron Payne,25,PHO,SG,10.9,3,3.9,22.9
Ish Smith,31,WAS,PG,10.9,4.9,3.2,26.3
Rudy Gay,33,SAS,PF,10.8,1.7,5.4,21.8
Dario Šarić,25,PHO,PF,10.7,1.9,6.2,24.7
OG Anunoby,22,TOR,SF,10.6,1.6,5.3,29.9
Jae Crowder,29,2TM,SF,10.5,2.5,5.9,28.8
Jae Crowder,29,MEM,SF,9.9,2.8,6.2,29.4
Jae Crowder,29,MIA,PF,11.9,1.8,5.4,27.7
D.J. Augustin,32,ORL,PG,10.5,4.6,2.1,24.9
Danuel House Jr.,26,HOU,SF,10.5,1.3,4.2,30.4
Cam Reddish,20,ATL,SF,10.5,1.5,3.7,26.7
Troy Brown Jr.,20,WAS,SF,10.4,2.6,5.6,25.8
Gary Harris,25,DEN,SG,10.4,2.1,2.9,31.8
Shabazz Napier,28,2TM,PG,10.3,4.7,2.8,24
Shabazz Napier,28,MIN,PG,9.6,5.2,3.1,23.8
Shabazz Napier,28,WAS,PG,11.6,3.8,2.4,24.4
Langston Galloway,28,DET,SG,10.3,1.5,2.3,25.8
Doug McDermott,28,IND,PF,10.3,1.1,2.5,19.9
Malik Monk,21,CHO,SG,10.3,2.1,2.9,21.3
Garrett Temple,33,BRK,SG,10.3,2.5,3.5,27.9
Thaddeus Young,31,CHI,PF,10.3,1.8,4.9,24.9
Josh Hart,24,NOP,SF,10.1,1.7,6.5,27
Ben McLemore,26,HOU,SF,10.1,0.8,2.2,22.8
Larry Nance Jr.,27,CLE,PF,10.1,2.2,7.3,26.3
Bobby Portis,24,NYK,PF,10.1,1.5,5.1,21.1
Elfrid Payton,25,NYK,PG,10,7.2,4.7,27.7
Kevin Porter Jr.,19,CLE,SF,10,2.2,3.2,23.2
Tomáš Satoranský,28,CHI,SG,9.9,5.4,3.9,28.9
Joe Ingles,32,UTA,PF,9.8,5.2,3.9,29.7
Furkan Korkmaz,22,PHI,SG,9.8,1.1,2.3,21.7
Markieff Morris,30,2TM,PF,9.7,1.3,3.8,20.5
Markieff Morris,30,DET,PF,11,1.6,3.9,22.5
Markieff Morris,30,LAL,PF,5.3,0.6,3.2,14.2
Frank Kaminsky,26,PHO,C,9.7,1.9,4.5,19.9
Mitchell Robinson,21,NYK,C,9.7,0.6,7,23.1
Dorian Finney-Smith,26,DAL,PF,9.5,1.6,5.7,29.9
Aaron Holiday,23,IND,PG,9.5,3.4,2.4,24.5
Jeff Green,33,2TM,C,9.4,1,2.8,20
Jeff Green,33,UTA,PF,7.8,0.7,2.7,18.4
Jeff Green,33,HOU,C,12.2,1.7,2.9,22.6
George Hill,33,MIL,PG,9.4,3.1,3,21.5
Shake Milton,23,PHI,SG,9.4,2.6,2.2,20.1
Dwight Powell,28,DAL,C,9.4,1.5,5.7,26.5
Kentavious Caldwell-Pope,26,LAL,SG,9.3,1.6,2.1,25.5
Marquese Chriss,22,GSW,PF,9.3,1.9,6.2,20.3
Michael Porter Jr.,21,DEN,SF,9.3,0.8,4.7,16.4
Landry Shamet,22,LAC,SG,9.3,1.9,1.9,27.4
Jarrett Culver,20,MIN,SG,9.2,1.7,3.4,23.9
Donte DiVincenzo,23,MIL,SG,9.2,2.3,4.8,23
Daniel Theis,27,BOS,C,9.2,1.7,6.6,24.1
Mikal Bridges,23,PHO,SF,9.1,1.8,4,28
Keldon Johnson,20,SAS,SF,9.1,0.9,3.4,17.7
Maxi Kleber,28,DAL,PF,9.1,1.2,5.2,25.5
Jake Layman,25,MIN,SF,9.1,0.7,2.5,22
Derrick Favors,28,NOP,C,9,1.6,9.8,24.4
Josh Jackson,22,MEM,SF,9,1.6,3,17.3
Monte Morris,24,DEN,PG,9,3.5,1.9,22.4
Svi Mykhailiuk,22,DET,SF,9,1.9,1.9,22.6
Naz Reid,20,MIN,C,9,1.2,4.1,16.5
Bruce Brown,23,DET,PG,8.9,4,4.7,28.2
Gary Trent Jr.,21,POR,SF,8.9,1,1.6,21.8
Kent Bazemore,30,2TM,SF,8.8,1.4,4.3,24.8
Kent Bazemore,30,POR,SF,7.9,1.4,4,25.8
Kent Bazemore,30,SAC,SF,10.3,1.3,4.9,23.1
Cameron Johnson,23,PHO,PF,8.8,1.2,3.3,22
Jordan Poole,20,GSW,SG,8.8,2.4,2.1,22.4
Austin Rivers,27,HOU,SG,8.8,1.7,2.6,23.4
Grayson Allen,24,MEM,SG,8.7,1.4,2.2,18.9
Moritz Wagner,22,WAS,C,8.7,1.2,4.9,18.6
Avery Bradley,29,LAL,SG,8.6,1.3,2.3,24.2
Josh Okogie,21,MIN,SG,8.6,1.6,4.3,25
Derrick Jones Jr.,22,MIA,SF,8.5,1.1,3.9,23.3
James Johnson,32,2TM,PF,8.4,2.3,3.7,19.3
James Johnson,32,MIA,PF,5.7,1.2,2.9,15.6
James Johnson,32,MIN,C,12,3.8,4.7,24.1
Justin Holiday,30,IND,SF,8.3,1.3,3.3,25
DeAndre Jordan,31,BRK,C,8.3,1.9,10,22
E'Twaun Moore,30,NOP,SG,8.3,1.4,2.3,18.2
Jeremy Pargo,33,GSW,PG,8.3,2.7,1,14.7
Anfernee Simons,20,POR,SG,8.3,1.4,2.2,20.7
Ivica Zubac,22,LAC,C,8.3,1.1,7.5,18.4
Jalen Brunson,23,DAL,PG,8.2,3.3,2.4,17.9
Kelly Olynyk,28,MIA,C,8.2,1.7,4.6,19.4
Reggie Bullock,28,NYK,SG,8.1,1.4,2.3,23.6
Enes Freedom,27,BOS,C,8.1,1,7.4,16.9
Jahlil Okafor,24,NOP,C,8.1,1.2,4.2,15.6
Trevor Ariza,34,2TM,SF,8,1.7,4.6,28.2
Trevor Ariza,34,SAC,SF,6,1.6,4.6,24.7
Trevor Ariza,34,POR,SF,11,2,4.8,33.4
Alex Len,26,2TM,C,8,0.9,5.8,17.6
Alex Len,26,ATL,C,8.7,1.1,5.8,18.6
Alex Len,26,SAC,C,5.9,0.5,6.1,15
Danny Green,32,LAL,SG,8,1.3,3.3,24.8
Draymond Green,29,GSW,PF,8,6.2,6.2,28.4
Tony Snell,28,DET,SF,8,2.2,1.9,27.8
Sindarius Thornwell,25,NOP,SF,8,2,2,17.5
Patrick Beverley,31,LAC,PG,7.9,3.6,5.2,26.3
Chandler Hutchison,23,CHI,SF,7.8,0.9,3.9,18.8
Timothé Luwawu-Cabarrot,24,BRK,SF,7.8,0.6,2.7,18.1
J.J. Barea,35,DAL,PG,7.7,3.9,1.8,15.5
Jordan McLaughlin,23,MIN,PG,7.6,4.2,1.6,19.7
De'Anthony Melton,21,MEM,PG,7.6,2.9,3.7,19.5
Omari Spellman,22,GSW,C,7.6,1,4.5,18.1
Terence Davis,22,TOR,SG,7.5,1.6,3.3,16.8
Marc Gasol,35,TOR,C,7.5,3.3,6.3,26.4
Dwight Howard,34,LAL,C,7.5,0.7,7.3,18.9
Trey Burke,27,2TM,PG,7.4,2.5,1.5,15.8
Trey Burke,27,PHI,PG,5.9,2.1,1.4,13.2
Trey Burke,27,DAL,PG,12,3.8,1.9,23.9
Bismack Biyombo,27,CHO,C,7.4,0.9,5.8,19.4
Ky Bowman,22,GSW,PG,7.4,2.9,2.7,22.6
Gorgui Dieng,30,2TM,C,7.4,1.2,5.6,17.4
Gorgui Dieng,30,MIN,C,7.4,1.3,5.6,16.9
Gorgui Dieng,30,MEM,C,7.2,0.9,5.8,18.7
Jaxson Hayes,19,NOP,C,7.4,0.9,4,16.9
Tyus Jones,23,MEM,PG,7.4,4.4,1.6,19
Ian Mahinmi,33,WAS,C,7.4,1.3,5.7,21.3
Wesley Matthews,33,MIL,SG,7.4,1.4,2.5,24.4
Nerlens Noel,25,OKC,C,7.4,0.9,4.9,18.5
Brandon Knight,28,2TM,SG,7.3,2.8,1.6,18.5
Brandon Knight,28,CLE,SG,4.9,1.9,1.3,15.1
Brandon Knight,28,DET,PG,11.6,4.2,2.3,24.6
Kris Dunn,25,CHI,PG,7.3,3.4,3.6,24.9
Emmanuel Mudiay,23,UTA,PG,7.3,2.1,2.3,15.7
Willie Cauley-Stein,26,2TM,C,7.2,1.3,5.8,20.3
Willie Cauley-Stein,26,GSW,C,7.9,1.5,6.2,22.9
Willie Cauley-Stein,26,DAL,C,5.2,0.8,4.6,12.1
Michael Carter-Williams,28,ORL,SG,7.2,2.4,3.3,18.5
Mason Plumlee,29,DEN,C,7.2,2.5,5.2,17.3
Jeremiah Martin,23,BRK,PG,7.1,2,1.1,11
Rajon Rondo,33,LAL,PG,7.1,5,3,20.5
Tyler Johnson,27,2TM,SG,7,1.9,1.9,18.2
Tyler Johnson,27,PHO,PG,5.7,1.6,1.7,16.6
Tyler Johnson,27,BRK,SG,12,3,3,24.3
Zach Collins,22,POR,PF,7,1.5,6.3,26.4
Rondae Hollis-Jefferson,25,TOR,PF,7,1.8,4.7,18.7
Hamidou Diallo,21,OKC,SF,6.9,0.8,3.6,19.5
Harry Giles,21,SAC,C,6.9,1.3,4.1,14.5
Frank Mason III,25,MIL,PG,6.9,3.2,2.1,13.1
P.J. Tucker,34,HOU,PF,6.9,1.6,6.6,34.3
Brad Wanamaker,30,BOS,PG,6.9,2.5,2,19.3
Delon Wright,27,DAL,PG,6.9,3.3,3.8,21.5
Luguentz Dort,20,OKC,SF,6.8,0.8,2.3,22.8
JaMychal Green,29,LAC,PF,6.8,0.8,6.2,20.7
Denzel Valentine,26,CHI,SF,6.8,1.2,2.1,13.6
Dragan Bender,22,2TM,PF,6.7,1.8,4.6,17.9
Dragan Bender,22,MIL,C,3.7,1.3,2.9,13
Dragan Bender,22,GSW,PF,9,2.1,5.9,21.7
Damyean Dotson,25,NYK,SG,6.7,1.2,1.9,17.4
Kyle Korver,38,MIL,SF,6.7,1.2,2.1,16.6
James Ennis III,29,2TM,SG,6.6,0.9,3.6,18.3
James Ennis III,29,PHI,SF,5.8,0.8,3.1,15.8
James Ennis III,29,ORL,SG,8.5,1.1,4.8,24.5
Chris Boucher,27,TOR,C,6.6,0.4,4.5,13.2
Ersan İlyasova,32,MIL,PF,6.6,0.8,4.8,15.7
Boban Marjanović,31,DAL,C,6.6,0.5,4.5,9.6
JaVale McGee,32,LAL,C,6.6,0.5,5.7,16.6
Nicolò Melli,29,NOP,C,6.6,1.4,3,17.4
Keita Bates-Diop,24,2TM,SF,6.5,0.7,2.9,16.9
Keita Bates-Diop,24,MIN,PF,6.8,0.8,3,17.5
Keita Bates-Diop,24,DEN,SF,5.3,0,2.4,14
T.J. McConnell,27,IND,PG,6.5,5,2.7,18.7
Allonzo Trier,24,NYK,SG,6.5,1.2,1.2,12.1
Sekou Doumbouya,19,DET,PF,6.4,0.5,3.1,19.8
Cory Joseph,28,SAC,PG,6.4,3.5,2.6,24.4
Kevin Knox,20,NYK,SF,6.4,0.9,2.8,17.9
Trey Lyles,24,SAS,PF,6.4,1.1,5.7,20.2
Kelan Martin,24,MIN,SF,6.4,0.7,3.1,16
C.J. Miles,32,WAS,SF,6.4,1.2,1.2,16.1
Lonnie Walker IV,21,SAS,SG,6.4,1.1,2.3,16.2
Marco Belinelli,33,SAS,SG,6.3,1.2,1.7,15.5
Frank Jackson,21,NOP,PG,6.3,1,1.4,13.5
Abdel Nader,26,OKC,SF,6.3,0.7,1.8,15.8
Frank Ntilikina,21,NYK,PG,6.3,3,2.1,20.8
Royce O'Neale,26,UTA,SF,6.3,2.5,5.5,28.9
Caleb Martin,24,CHO,SF,6.2,1.3,2.1,17.6
Taj Gibson,34,NYK,C,6.1,0.8,4.3,16.5
Brandon Goodwin,24,ATL,PG,6.1,1.5,2.1,12.6
Willy Hernangómez,25,CHO,C,6.1,0.9,4.3,12.1
Meyers Leonard,27,MIA,C,6.1,1.1,5.1,20.3
Juancho Hernangómez,24,2TM,PF,6,0.8,4.1,17.4
Juancho Hernangómez,24,DEN,PF,3.1,0.6,2.8,12.4
Juancho Hernangómez,24,MIN,PF,12.9,1.3,7.3,29.4
Devontae Cacok,23,LAL,C,6,1,5,9
Dusty Hannahs,26,MEM,SG,6,0,0.5,6.5
Luke Kornet,24,CHI,C,6,0.9,2.3,15.5
Eric Mika,25,SAC,C,6,0,7,19
Mike Scott,31,PHI,PF,6,0.8,3.6,17.8
Marvin Williams,33,2TM,PF,5.9,1,3.2,19.5
Marvin Williams,33,CHO,PF,6.7,1,2.7,19.7
Marvin Williams,33,MIL,PF,4,1.1,4.4,18.9
Wilson Chandler,32,BRK,PF,5.9,1.1,4.1,21
Georges Niang,26,UTA,PF,5.9,0.7,1.9,14
Dewayne Dedmon,30,2TM,C,5.8,0.5,5.7,17.6
Dewayne Dedmon,30,SAC,C,5.1,0.4,4.9,15.9
Dewayne Dedmon,30,ATL,C,8.1,0.7,8.2,23.3
Maurice Harkless,26,2TM,PF,5.8,1.1,3.9,23
Maurice Harkless,26,LAC,PF,5.5,1,4,22.8
Maurice Harkless,26,NYK,SF,6.8,1.7,3.3,23.8
Kyle Anderson,26,MEM,SF,5.8,2.4,4.3,19.9
DeAndre' Bembry,25,ATL,SG,5.8,1.9,3.5,21.3
PJ Dozier,23,DEN,SG,5.8,2.2,1.9,14.2
Wes Iwundu,25,ORL,SF,5.8,1.2,2.5,18.3
Skal Labissière,23,POR,C,5.8,1.3,5.1,17.2
Anžejs Pasečņiks,24,WAS,C,5.8,0.7,4,16.2
Nickeil Alexander-Walker,21,NOP,SG,5.7,1.9,1.8,12.6
Dwayne Bacon,24,CHO,SG,5.7,1.3,2.6,17.6
Bol Bol,20,DEN,PF,5.7,0.9,2.7,12.4
Talen Horton-Tucker,19,LAL,SG,5.7,1,1.2,13.5
Darius Bazley,19,OKC,PF,5.6,0.7,4,18.5
Damian Jones,24,ATL,C,5.6,0.6,3.7,16.1
Jalen McDaniels,22,CHO,SF,5.6,0.8,4.1,18.3
Jakob Poeltl,24,SAS,C,5.6,1.8,5.7,17.7
John Henson,29,2TM,C,5.5,1.4,4.1,15
John Henson,29,CLE,C,5,1.5,3.9,14.2
John Henson,29,DET,C,6.9,1,4.4,17.1
Solomon Hill,28,2TM,PF,5.5,1.8,2.8,18.4
Solomon Hill,28,MEM,PF,5.7,2,3,18.8
Solomon Hill,28,MIA,PF,4.5,0.9,1.9,17
Alex Caruso,25,LAL,PG,5.5,1.9,1.9,18.4
Justin Jackson,24,DAL,PF,5.5,0.8,2.4,16.1
Dennis Smith Jr.,22,NYK,PG,5.5,2.9,2.3,15.8
Mo Bamba,21,ORL,C,5.4,0.7,4.9,14.2
Pat Connaughton,27,MIL,SG,5.4,1.6,4.2,18.6
Torrey Craig,29,DEN,SF,5.4,0.8,3.3,18.5
Robin Lopez,31,MIL,C,5.4,0.7,2.4,14.5
Garrison Mathews,23,WAS,SG,5.4,0.6,1.3,12.6
Luka Šamanić,20,SAS,PF,5.3,2,3.3,16
Juan Toscano-Anderson,26,GSW,SG,5.3,2,4,20.9
David Nwaba,27,BRK,SF,5.2,0.4,2.3,13.4
Robert Williams,22,BOS,C,5.2,0.9,4.4,13.4
Jerome Robinson,22,2TM,SG,5.1,1.4,2,15.5
Jerome Robinson,22,LAC,SG,2.9,1.1,1.4,11.3
Jerome Robinson,22,WAS,SG,9.4,2,3.3,24
Chris Chiozza,24,2TM,PG,5.1,3,1.9,14.3
Chris Chiozza,24,WAS,PG,2.7,2.8,1.5,12.3
Chris Chiozza,24,BRK,PG,6.4,3.1,2.1,15.4
Sterling Brown,24,MIL,SF,5.1,1,3.5,14.8
Quinn Cook,26,LAL,PG,5.1,1.1,1.2,11.5
Wayne Ellington,32,NYK,SG,5.1,1.2,1.8,15.5
Daniel Gafford,21,CHI,C,5.1,0.5,2.5,14.2
Raul Neto,27,PHI,PG,5.1,1.8,1.1,12.4
Kadeem Allen,27,NYK,PG,5,2.1,0.9,11.7
Isaac Bonga,20,WAS,SF,5,1.2,3.4,18.9
Vince Carter,43,ATL,PF,5,0.8,2.1,14.6
Jamal Crawford,39,BRK,SG,5,3,0,6
Cody Martin,24,CHO,SF,5,2,3.3,18.8
Tony Bradley,22,UTA,C,4.9,0.4,4.6,11.4
Jevon Carter,24,PHO,PG,4.9,1.4,2,16.3
Chris Clemons,22,HOU,SG,4.9,0.8,0.9,8.8
Drew Eubanks,22,SAS,C,4.9,0.7,3.9,12.4
Shaquille Harrison,26,CHI,SG,4.9,1.1,2,11.3
Patrick Patterson,30,LAC,PF,4.9,0.7,2.6,13.2
Edmond Sumner,24,IND,SG,4.9,1.8,1.5,14.4
Matt Thomas,25,TOR,SG,4.9,0.5,1.5,10.7
Mario Hezonja,24,POR,PF,4.8,0.9,3.5,16.4
Džanan Musa,20,BRK,SF,4.8,1.1,2.2,12.2
Mike Muscala,28,OKC,C,4.8,0.9,2.3,12.2
Justin Wright-Foreman,22,UTA,PG,4.8,1.8,1.3,11.3
Cheick Diallo,23,PHO,C,4.7,0.5,2.8,10.2
Isaiah Hartenstein,21,HOU,C,4.7,0.8,3.9,11.6
Thon Maker,22,DET,C,4.7,0.7,2.8,12.9
Matisse Thybulle,22,PHI,SG,4.7,1.2,1.6,19.8
Allen Crabbe,27,2TM,SG,4.6,0.9,2.1,17.6
Allen Crabbe,27,ATL,SG,5.1,1,2.3,18.6
Allen Crabbe,27,MIN,SF,3.2,0.6,1.3,14.6
Andre Iguodala,36,MIA,SF,4.6,2.4,3.7,19.9
Rodions Kurucs,21,BRK,PF,4.6,1.1,2.9,14.6
Patrick McCaw,24,TOR,SF,4.6,2.1,2.3,24.5
Alfonzo McKinnie,27,CLE,SF,4.6,0.4,2.8,14.8
JaKarr Sampson,26,IND,PF,4.6,0.6,2.6,13.9
Dante Exum,24,2TM,SG,4.5,1.1,1.9,13.9
Dante Exum,24,UTA,SG,2.2,0.6,1.1,7.5
Dante Exum,24,CLE,SG,5.6,1.4,2.3,16.8
Ryan Arcidiacono,25,CHI,PG,4.5,1.7,1.9,16
Jerian Grant,27,WAS,SG,4.5,1.5,1,13.3
Courtney Lee,34,DAL,SG,4.5,0.5,1.3,14.4
Treveon Graham,26,2TM,SF,4.4,0.8,2.7,16.9
Treveon Graham,26,MIN,SF,5.2,0.9,3,20.1
Treveon Graham,26,ATL,SF,3.3,0.7,2.3,12.1
Jacob Evans,22,2TM,SG,4.4,1.1,1.4,14.4
Jacob Evans,22,GSW,SG,4.7,1.1,1.5,15.3
Jacob Evans,22,MIN,SG,0,0,0,2
Khem Birch,27,ORL,C,4.4,1,4.6,19.2
Nic Claxton,20,BRK,C,4.4,1.1,2.9,12.5
Yogi Ferrell,26,SAC,PG,4.4,1.4,1,10.6
Ante Žižić,23,CLE,C,4.4,0.3,3,10
Donta Hall,22,2TM,PF,4.3,0.4,4.2,14.8
Donta Hall,22,DET,PF,1.5,0.5,3.8,12
Donta Hall,22,BRK,C,6.6,0.4,4.6,17
Al-Farouq Aminu,29,ORL,PF,4.3,1.2,4.8,21.1
Troy Daniels,28,2TM,SG,4.3,0.4,1.1,11.3
Troy Daniels,28,LAL,SG,4.2,0.3,1.1,11.1
Troy Daniels,28,DEN,SG,4.3,0.5,1,12.7
Bruno Fernando,21,ATL,C,4.3,0.9,3.5,12.7
Ryan Broekhoff,29,DAL,SF,4.2,0.6,2.5,10.6
Iman Shumpert,29,BRK,SF,4.2,0.9,2.6,18.5
Alen Smailagić,19,GSW,C,4.2,0.9,1.9,9.9
Elie Okobo,22,PHO,PG,4,2.1,1.6,13.1
Cristiano Felício,27,CHI,C,3.9,0.7,4.6,17.5
Terrance Ferguson,21,OKC,SF,3.9,0.9,1.3,22.4
Marko Gudurić,24,MEM,SG,3.9,1,1.7,11
Gary Payton II,27,WAS,SF,3.9,1.7,2.8,14.9
DaQuan Jeffries,22,SAC,SG,3.8,0.5,1.4,10.8
Jaylen Nowell,20,MIN,SG,3.8,1.3,0.9,10.1
Noah Vonleh,24,2TM,C,3.7,0.8,3.4,10.5
Noah Vonleh,24,MIN,C,4.1,0.9,4,12
Noah Vonleh,24,DEN,C,1.9,0.3,1.1,4.3
Gary Clark,25,2TM,PF,3.7,0.4,2.6,13.5
Gary Clark,25,HOU,PF,3.9,0.7,2.2,11.8
Gary Clark,25,ORL,SF,3.6,0.2,2.9,14.8
DeMarre Carroll,33,2TM,C,3.6,1,2.3,12.1
DeMarre Carroll,33,SAS,SF,2.2,0.7,2.1,9
DeMarre Carroll,33,HOU,C,6,1.6,2.7,17.2
Anthony Tolliver,34,3TM,PF,3.6,0.8,2.8,15.9
Anthony Tolliver,34,POR,PF,3.9,0.9,3.3,16.8
Anthony Tolliver,34,SAC,PF,1,0.3,1.2,9.1
Anthony Tolliver,34,MEM,PF,4.8,0.8,2.5,18.2
Nicolas Batum,31,CHO,SF,3.6,3,4.5,23
Tim Frazier,29,DET,PG,3.6,3.4,1.2,13.1
Nassir Little,19,POR,PF,3.6,0.5,2.3,11.9
Theo Pinson,24,BRK,SG,3.6,1.7,1.6,11.1
Tremont Waters,22,BOS,PG,3.6,1.5,1.1,10.8
D.J. Wilson,23,MIL,PF,3.6,0.7,2.5,9.8
Mfiondu Kabengele,22,LAC,C,3.5,0.2,0.9,5.3
Kyle O'Quinn,29,PHI,C,3.5,1.8,4,10.8
Miye Oni,22,UTA,SF,3.5,0.4,1.7,10.9
Kenrich Williams,25,NOP,PF,3.5,1.5,4.8,21.3
Javonte Green,26,BOS,SG,3.4,0.5,1.9,9.8
Kevon Looney,23,GSW,C,3.4,1,3.3,13.1
Semi Ojeleye,25,BOS,PF,3.4,0.5,2.1,14.7
Lance Thomas,31,BRK,PF,3.4,0.9,1.9,14
Grant Williams,21,BOS,PF,3.4,1,2.6,15.1
Carsen Edwards,21,BOS,SG,3.3,0.6,1.3,9.5
Tacko Fall,24,BOS,C,3.3,0.1,2.1,4.7
Ty Jerome,22,PHO,SG,3.3,1.4,1.5,10.6
Rodney McGruder,28,LAC,SG,3.3,0.6,2.7,15.6
Evan Turner,31,ATL,SG,3.3,2,2,13.2
Jordan Bell,25,2TM,C,3.2,0.6,2.8,8.8
Jordan Bell,25,MIN,C,3.1,0.5,2.9,8.7
Jordan Bell,25,MEM,C,5,1,1.5,10.5
Goga Bitadze,20,IND,C,3.2,0.4,2,8.7
Amir Coffey,22,LAC,SG,3.2,0.8,0.9,8.8
Chimezie Metu,22,SAS,C,3.2,0.6,1.8,5.8
Paul Watson,25,2TM,SF,3.1,0.8,1.7,8.7
Paul Watson,25,ATL,SF,0,1.5,1,8.5
Paul Watson,25,TOR,SF,3.9,0.6,1.9,8.8
Matthew Dellavedova,29,CLE,PG,3.1,3.2,1.3,14.4
Rayjon Tucker,22,UTA,SG,3.1,0.3,1,8.1
Bruno Caboclo,24,2TM,C,3,0.4,2,8.1
Bruno Caboclo,24,MEM,C,2.8,0.5,2,8.7
Bruno Caboclo,24,HOU,C,3.5,0.3,2,6.5
Zylan Cheatham,24,NOP,PF,3,0.8,2.3,12.8
Udonis Haslem,39,MIA,C,3,0.3,4,11
B.J. Johnson,24,ORL,SF,3,0.3,1.5,8.3
T.J. Leaf,22,IND,PF,3,0.3,2.5,7.9
Admiral Schofield,22,WAS,PF,3,0.5,1.4,11.2
Chris Silva,23,MIA,PF,3,0.5,2.9,7.9
Johnathan Williams,24,WAS,PF,3,0.5,4.3,12
Jaylen Hoard,20,POR,PF,2.9,0.3,2.5,7.9
Adam Mokoka,21,CHI,SF,2.9,0.4,0.9,10.2
Andre Roberson,28,OKC,SF,2.9,0.6,3.9,12.4
Tyrone Wallace,25,ATL,SG,2.9,0.9,1.6,11.4
Justin Anderson,26,BRK,SG,2.8,0.8,2.1,10.7
Thanasis Antetokounmpo,27,MIL,SF,2.8,0.8,1.2,6.5
John Konchar,23,MEM,SG,2.8,1.2,2.5,9.5
Naz Mitrou-Long,26,IND,SG,2.8,1.6,1.4,9.4
Joakim Noah,34,LAC,C,2.8,1.4,3.2,10
Chandler Parsons,31,ATL,PF,2.8,0.6,1.4,10.8
Marial Shayok,24,PHI,SG,2.8,0.3,1.8,7
J.R. Smith,34,LAL,SG,2.8,0.5,0.8,13.2
Jarrod Uthoff,26,2TM,PF,2.7,0,0.9,7.6
Jarrod Uthoff,26,MEM,PF,1,0,0.3,3.5
Jarrod Uthoff,26,WAS,PF,5,0,1.7,13
Jarrell Brantley,23,UTA,PF,2.7,1.2,2.2,10.7
Deonte Burton,26,OKC,SF,2.7,0.4,1.5,9.1
Ryan Anderson,31,HOU,C,2.5,1,3.5,7
Justin James,23,SAC,SF,2.5,0.5,0.9,6.4
Romeo Langford,20,BOS,SG,2.5,0.4,1.3,11.6
Max Strus,23,CHI,SF,2.5,0,0.5,3
Michael Kidd-Gilchrist,26,2TM,PF,2.4,0.6,2.7,11.2
Michael Kidd-Gilchrist,26,CHO,PF,4,0.8,2.9,13.3
Michael Kidd-Gilchrist,26,DAL,PF,0.9,0.3,2.5,9.3
Caleb Swanigan,22,2TM,PF,2.4,1.1,3.7,10.7
Caleb Swanigan,22,SAC,C,0.7,0.3,1,3.3
Caleb Swanigan,22,POR,PF,3,1.5,4.7,13.3
Stanley Johnson,23,TOR,PF,2.4,0.8,1.5,6
Terance Mann,23,LAC,SF,2.4,1.3,1.3,8.8
Norvel Pelle,26,PHI,C,2.4,0.3,3,9.7
Gabe Vincent,23,MIA,PG,2.4,0.7,0.6,9.2
Dewan Hernandez,23,TOR,C,2.3,0.5,2.3,4.7
Shamorie Ponds,21,TOR,PG,2.3,0.5,0.3,2.8
Johnathan Motley,24,LAC,PF,2.2,0.6,0.8,3.2
Thabo Sefolosha,35,HOU,PF,2.2,0.6,2.3,10.6
Wenyen Gabriel,22,2TM,PF,2.1,0.3,1.7,7.8
Wenyen Gabriel,22,SAC,PF,1.7,0.3,0.9,5.5
Wenyen Gabriel,22,POR,PF,2.3,0.3,2.2,9.2
Melvin Frazier,23,ORL,SG,2.1,0.2,0.5,6.6
Michael Frazier,25,HOU,SG,2.1,0.2,0.8,11.2
Khyri Thomas,23,DET,SG,2.1,0.4,0.1,7.6
Zach Norvell,22,2TM,SG,2,0.6,1.2,8.2
Zach Norvell,22,LAL,SG,0,0,0.5,2.5
Zach Norvell,22,GSW,SG,3.3,1,1.7,12
Derrick Walton,24,2TM,PG,2,1,0.6,9.5
Derrick Walton,24,LAC,PG,2.2,1,0.7,9.7
Derrick Walton,24,DET,PG,1,1.7,0.3,8.7
Charlie Brown Jr.,22,ATL,SG,2,0.2,0.4,4
Alize Johnson,23,IND,PF,2,0.4,2.8,6.9
Louis King,20,DET,SF,2,0.5,1,6.2
Jalen Lecque,19,PHO,SG,2,0.4,0.4,6.4
Malik Newman,22,CLE,SG,2,0,0,4
Josh Reaves,22,DAL,SF,2,0.8,0.8,7
Yuta Watanabe,25,MEM,SF,2,0.3,1.1,5.8
Ignas Brazdeikis,21,NYK,SF,1.9,0.4,0.6,5.9
Oshae Brissett,21,TOR,SF,1.9,0.4,1.4,7.1
Vic Law,24,ORL,PF,1.9,0.4,1.4,7.8
Vincent Poirier,26,BOS,C,1.9,0.4,2,5.9
Tyler Cook,22,2TM,PF,1.8,0.1,1.1,4.2
Tyler Cook,22,CLE,PF,1.7,0.1,0.9,3.2
Tyler Cook,22,DEN,SF,2,0,2,9.5
Ed Davis,30,UTA,C,1.8,0.4,3.8,10.8
Devon Hall,24,OKC,PG,1.8,1.2,0.6,7.4
Justin Patton,22,OKC,C,1.8,0.4,1,4.8
Kevin Hervey,23,OKC,PF,1.7,0.5,1.2,5.2
Luc Mbah a Moute,33,HOU,PF,1.7,0,0.7,8.3
Juwan Morgan,22,UTA,PF,1.7,0.3,1.4,6.4
Chasson Randle,26,GSW,PG,1.7,1.7,0.7,13.3
Dean Wade,23,CLE,PF,1.7,0.2,1.6,5.9
Jared Dudley,34,LAL,PF,1.5,0.6,1.2,8.1
Josh Magette,30,ORL,PG,1.5,0.6,0.8,4.8
Jonah Bolden,24,2TM,C,1.4,0,1.3,6.7
Jonah Bolden,24,PHI,C,1,0,0.3,3.5
Jonah Bolden,24,PHO,C,2,0,2.7,11
Kostas Antetokounmpo,22,LAL,PF,1.4,0.4,0.6,4
KZ Okpala,20,MIA,PF,1.4,0.2,1,5.2
Justin Robinson,22,WAS,PG,1.4,0.8,0.6,5.4
Nigel Williams-Goss,25,UTA,PG,1.4,0.6,0.6,5
Tyson Chandler,37,HOU,C,1.3,0.2,2.5,8.4
Kyle Guy,22,SAC,SG,1.3,0.3,0.3,3.3
Malcolm Miller,26,TOR,SF,1.3,0.4,0.6,5.8
Tariq Owens,24,PHO,PF,1.3,0,1,5
Jordan Bone,22,DET,PG,1.2,0.8,0.4,5.3
Moses Brown,20,POR,C,1.2,0.1,1.6,3.7
Vlatko Čančar,22,DEN,PF,1.2,0.2,0.7,3.2
Zhaire Smith,20,PHI,SF,1.1,0.3,0.3,4.6
Jarred Vanderbilt,20,2TM,PF,1.1,0.2,0.8,4.2
Jarred Vanderbilt,20,DEN,PF,1.1,0.2,0.9,4.6
Jarred Vanderbilt,20,MIN,PF,1,0,0.5,2.5
Quinndary Weatherspoon,23,SAS,SG,1.1,1,0.6,7.1
Kyle Alexander,23,MIA,C,1,0,1.5,6.5
Brian Bowen,21,IND,SF,1,0,1.2,5.2
Corey Brewer,33,SAC,PF,1,0.4,1.6,6.6
Antonius Cleveland,25,DAL,SG,1,0.1,0.6,4.2
Josh Gray,26,NOP,PG,1,1,1,11.5
Tyler Zeller,30,SAS,C,1,0,2,2
Amile Jefferson,26,ORL,PF,0.8,0.2,1.3,4.1
Daryl Macon,24,MIA,PG,0.8,0.3,0,3.5
Jared Harper,22,PHO,PG,0.7,0,0,2.7
Joe Chealey,24,CHO,PG,0.5,0.3,0,8.3
Matt Mooney,22,CLE,SG,0.5,0.3,0.8,4.8
Henry Ellenson,23,BRK,C,0.4,0.2,1.2,3
Marques Bolden,21,CLE,C,0,0,2,3
William Howard,26,HOU,PF,0,0.5,1,6.5
Stanton Kidd,27,UTA,SG,0,0.3,0.8,3.8
J.P. Macura,24,CLE,SG,0,0,0,1
Isaiah Roby,21,OKC,PF,0,0,0.7,3.7
League Average,,,,,,,