,full_name,rating,team,position,height,weight,salary
0,LeBron James,97,Los Angeles Lakers,F,81,250 ,$37436858
1,Kawhi Leonard,97,Los Angeles Clippers,F,79,225 ,$32742000
2,Giannis Antetokounmpo,96,Milwaukee Bucks,F-G,83,242 ,$25842697
3,Kevin Durant,96,Brooklyn Nets,F,82,230 ,$37199000
4,James Harden,96,Houston Rockets,G,77,220 ,$38199000
5,Stephen Curry,95,Golden State Warriors,G,75,185 ,$40231758
6,Anthony Davis,94,Los Angeles Lakers,F-C,82,222 ,$27093019
7,Paul George,93,Los Angeles Clippers,F,80,210 ,$33005556
8,Damian Lillard,92,Portland Trail Blazers,G,74,195 ,$29802321
9,Joel Embiid,91,Philadelphia 76ers,C,84,250 ,$27504630
10,Kyrie Irving,91,Brooklyn Nets,G,74,180 ,$31742000
11,Nikola Jokic,90,Denver Nuggets,C,84,253 ,$27504630
12,Russell Westbrook,90,Houston Rockets,G,75,190 ,$38506482
13,Klay Thompson,89,Golden State Warriors,G,78,205 ,$32742000
14,Karl-Anthony Towns,89,Minnesota Timberwolves,F-C,83,248 ,$27285000
15,Jimmy Butler,88,Miami Heat,G,79,220 ,$32742000
16,Rudy Gobert,88,Utah Jazz,C,85,238 ,$25258427
17,Blake Griffin,88,Detroit Pistons,F,81,252 ,$34449964
18,Donovan Mitchell,88,Utah Jazz,G,73,211 ,$3635760
19,Kemba Walker,88,Boston Celtics,G,72,172 ,$32742000
20,Luka Doncic,87,Dallas Mavericks,G-F,79,227 ,$7683360
21,LaMarcus Aldridge,87,San Antonio Spurs,F-C,83,246 ,$26000000
22,Bradley Beal,87,Washington Wizards,G,75,207 ,$27093018
23,Mike Conley,87,Utah Jazz,G,73,185 ,$32511623
24,DeMar DeRozan,87,San Antonio Spurs,G-F,78,220 ,$27739975
25,CJ McCollum,87,Portland Trail Blazers,G,75,197 ,$27556959
26,Victor Oladipo,87,Indiana Pacers,G,76,213 ,$21000000
27,Kristaps Porzingis,87,Dallas Mavericks,F-C,87,220 ,$27285000
28,D'Angelo Russell,87,Minnesota Timberwolves,G,76,193 ,$27285000
29,Pascal Siakam,87,Toronto Raptors,F,81,227 ,$2351838
30,Ben Simmons,87,Philadelphia 76ers,F,82,240 ,$8113929
31,De'Aaron Fox,86,Sacramento Kings,G,75,171 ,$6392760
32,Devin Booker,86,Phoenix Suns,G,77,206 ,$27285000
33,DeMarcus Cousins,86,,C,82,270 ,$3500000
34,Andre Drummond,86,Cleveland Cavaliers,C,82,270 ,$27093018
35,Draymond Green,86,Golden State Warriors,F,78,230 ,$18539130
36,Jrue Holiday,86,New Orleans Pelicans,G,75,180 ,$26131111
37,Nikola Vucevic,86,Orlando Magic,C,83,240 ,$28000000
38,John Wall,86,Washington Wizards,G,76,195 ,$38199000
39,Jayson Tatum,85,Boston Celtics,F,80,204 ,$7830000
40,Trae Young,85,Atlanta Hawks,G,73,180 ,$6273000
41,Eric Bledsoe,85,Milwaukee Bucks,G,73,195 ,$15625000
42,Clint Capela,85,Atlanta Hawks,C,82,211 ,$16896552
43,Tobias Harris,85,Philadelphia 76ers,F,80,226 ,$32742000
44,Al Horford,85,Philadelphia 76ers,C-F,81,246 ,$28000000
45,Zach LaVine,85,Chicago Bulls,G,78,181 ,$19500000
46,Kyle Lowry,85,Toronto Raptors,G,72,205 ,$33296296
47,Khris Middleton,85,Milwaukee Bucks,F,79,217 ,$30603448
48,Chris Paul,85,Oklahoma City Thunder,G,73,175 ,$38506482
49,John Collins,84,Atlanta Hawks,F,81,225 ,$2686560
50,Buddy Hield,84,Sacramento Kings,G,76,212 ,$4861207
51,Kyle Kuzma,84,Los Angeles Lakers,F,80,221 ,$1974600
52,Jamal Murray,84,Denver Nuggets,G,76,201 ,$4444746
53,Louis Williams,84,Los Angeles Clippers,G,73,175 ,$8000000
54,Marvin Bagley,83,Sacramento Kings,F,83,235 ,$8556120
55,Bojan Bogdanovic,83,Utah Jazz,G-F,80,216 ,$17000000
56,Malcolm Brogdon,83,Indiana Pacers,G,77,223 ,$20000000
57,Danilo Gallinari,83,Oklahoma City Thunder,F,82,225 ,$22615559
58,Montrezl Harrell,83,Los Angeles Clippers,F,79,253 ,$6000000
59,Kevin Love,83,Cleveland Cavaliers,F,80,260 ,$28942830
60,Lauri Markkanen,83,Chicago Bulls,F-C,84,240 ,$5300400
61,Jusuf Nurkic,83,Portland Trail Blazers,C,84,290 ,$12000000
62,Julius Randle,83,New York Knicks,F,80,250 ,$18000000
63,Marc Gasol,82,Toronto Raptors,C,83,265 ,$25595700
64,Steven Adams,82,Oklahoma City Thunder,C,83,255 ,$25842697
65,Deandre Ayton,82,Phoenix Suns,C,83,250 ,$9562920
66,Spencer Dinwiddie,82,Brooklyn Nets,G,77,205 ,$10605600
67,Jaren Jackson,82,Memphis Grizzlies,F-C,83,242 ,$6699960
68,Paul Millsap,82,Denver Nuggets,F-C,79,250 ,$30350000
69,Marcus Smart,82,Boston Celtics,G,75,227 ,$12553571
70,Myles Turner,82,Indiana Pacers,F-C,83,239 ,$18000000
71,Serge Ibaka,81,Toronto Raptors,F,84,240 ,$23271604
72,Zion Williamson,81,New Orleans Pelicans,F,78,284 ,$9757440
73,Rudy Gay,81,San Antonio Spurs,F,80,230 ,$14500000
74,Aaron Gordon,81,Orlando Magic,F,80,220 ,$19863636
75,Brandon Ingram,81,New Orleans Pelicans,F,79,196 ,$7265485
76,DeAndre Jordan,81,Brooklyn Nets,C,83,265 ,$9881598
77,Domantas Sabonis,81,Indiana Pacers,F-C,83,231 ,$3529554
78,Jonas Valanciunas,81,Memphis Grizzlies,C,83,231 ,$16000000
79,Hassan Whiteside,81,Portland Trail Blazers,C,84,235 ,$27093018
80,Derrick Rose,80,Detroit Pistons,G,74,190 ,$7317074
81,Robert Covington,80,Houston Rockets,F,79,209 ,$11301219
82,Derrick Favors,80,New Orleans Pelicans,F,81,246 ,$17650000
83,Gordon Hayward,80,Boston Celtics,F,79,207 ,$32700690
84,Reggie Jackson,80,Los Angeles Clippers,G,75,208 ,$17799677
85,Enes Kanter,80,Boston Celtics,C,82,262 ,$4767000
86,Otto Porter,80,Chicago Bulls,F,80,198 ,$27250576
87,JJ Redick,80,New Orleans Pelicans,G,75,190 ,$13486300
88,Josh Richardson,80,Philadelphia 76ers,G,77,200 ,$10116576
89,TJ Warren,80,Indiana Pacers,F,80,220 ,$11060000
90,Ja Morant,79,Memphis Grizzlies,G,75,174 ,$8730240
91,Bam Adebayo,79,Miami Heat,F-C,81,243 ,$3454080
92,Jarrett Allen,79,Brooklyn Nets,C,83,234 ,$2376840
93,Lonzo Ball,79,New Orleans Pelicans,G,78,190 ,$8719320
94,Harrison Barnes,79,Sacramento Kings,F,80,210 ,$24147727
95,Patrick Beverley,79,Los Angeles Clippers,G,73,180 ,$12345680
96,Jaylen Brown,79,Boston Celtics,F,78,223 ,$6534829
97,Willie Cauley-Stein,79,Dallas Mavericks,C,84,242 ,$2177483
98,Goran Dragic,79,Miami Heat,G,75,190 ,$19217900
99,Shai Gilgeous-Alexander,79,Oklahoma City Thunder,G,77,180 ,$3952920
100,Gary Harris,79,Denver Nuggets,G,76,205 ,$17839286
101,Joe Ingles,79,Utah Jazz,F,79,209 ,$11454546
102,Jeremy Lamb,79,Indiana Pacers,G,77,180 ,$10500000
103,Brook Lopez,79,Milwaukee Bucks,C,84,265 ,$12093024
104,JaVale McGee,79,Los Angeles Lakers,C,84,270 ,$4000000
105,Mitchell Robinson,79,New York Knicks,C,84,223 ,$1559712
106,Terrence Ross,79,Orlando Magic,G,78,206 ,$12500000
107,Tristan Thompson,79,Cleveland Cavaliers,F,81,225 ,$18539130
108,PJ Tucker,79,Houston Rockets,F,77,225 ,$8349039
109,Fred VanVleet,79,Toronto Raptors,G,73,197 ,$9346153
110,Andrew Wiggins,79,Golden State Warriors,F,79,197 ,$27504630
111,Thaddeus Young,79,Chicago Bulls,F,80,220 ,$12900000
112,RJ Barrett,78,New York Knicks,G,78,202 ,$7839960
113,Ricky Rubio,78,Phoenix Suns,G,75,180 ,$16200000
114,Will Barton,78,Denver Nuggets,G,77,175 ,$12776786
115,Bogdan Bogdanovic,78,Sacramento Kings,G,78,205 ,$8529386
116,Thomas Bryant,78,Washington Wizards,F-C,82,241 ,$8000000
117,Wendell Carter,78,Chicago Bulls,C,81,259 ,$5201400
118,Jordan Clarkson,78,Utah Jazz,G,76,186 ,$13437500
119,Evan Fournier,78,Orlando Magic,G,79,190 ,$17150000
120,Eric Gordon,78,Houston Rockets,G,75,215 ,$14057730
121,JaMychal Green,78,Los Angeles Clippers,F,80,220 ,$4767000
122,Joe Harris,78,Brooklyn Nets,G,78,215 ,$7666667
123,Andre Iguodala,78,Miami Heat,G-F,78,207 ,$17185185
124,Caris LeVert,78,Brooklyn Nets,G,78,191 ,$2625717
125,Marcus Morris,78,Los Angeles Clippers,F,80,235 ,$15000000
126,Dejounte Murray,78,San Antonio Spurs,G,76,170 ,$2321735
127,Larry Nance Jr,78,Cleveland Cavaliers,F,79,227 ,$12727273
128,Kelly Olynyk,78,Miami Heat,C,83,234 ,$12667885
129,Kelly Oubre,78,Phoenix Suns,F-G,79,203 ,$15625000
130,Jabari Parker,78,Sacramento Kings,F,80,235 ,$6500000
131,Bobby Portis,78,New York Knicks,F-C,82,246 ,$15000000
132,Terry Rozier,78,Charlotte Hornets,G,73,190 ,$19894737
133,Dennis Schroeder,78,Oklahoma City Thunder,G,73,172 ,$15500000
134,Jeff Teague,78,Atlanta Hawks,G,75,181 ,$19000000
135,Derrick White,78,San Antonio Spurs,G,76,200 ,$1948080
136,Justise Winslow,78,Memphis Grizzlies,F,78,222 ,$13000000
137,Darius Garland,77,Cleveland Cavaliers,G,73,175 ,$6400920
138,De'Andre Hunter,77,Atlanta Hawks,F,79,225 ,$7068360
139,Al-Farouq Aminu,77,Orlando Magic,F,80,215 ,$9258000
140,Mo Bamba,77,Orlando Magic,C,84,225 ,$5697600
141,Nicolas Batum,77,Charlotte Hornets,F-G,81,210 ,$25565217
142,Malik Beasley,77,Minnesota Timberwolves,G,76,198 ,$2731713
143,Nemanja Bjelica,77,Sacramento Kings,F-G,82,224 ,$6825000
144,DeMarre Carroll,77,Houston Rockets,F,78,212 ,$7339258
145,Ed Davis,77,Utah Jazz,F,81,215 ,$4767000
146,Taj Gibson,77,New York Knicks,F,81,225 ,$9000000
147,Jerami Grant,77,Denver Nuggets,F,80,214 ,$9346153
148,Danny Green,77,Los Angeles Lakers,G,78,209 ,$14634147
149,Tim Hardaway Jr,77,Dallas Mavericks,G,77,199 ,$20025127
150,Alex Len,77,Sacramento Kings,C,84,225 ,$4160000
151,Kevon Looney,77,Golden State Warriors,F,81,222 ,$4464286
152,Monte Morris,77,Denver Nuggets,G,74,175 ,$1588231
153,Nerlens Noel,77,Oklahoma City Thunder,F-C,82,206 ,$1882867
154,Mason Plumlee,77,Denver Nuggets,C-F,83,238 ,$14041096
155,Jakob Poeltl,77,San Antonio Spurs,C-F,85,239 ,$3754885
156,Dwight Powell,77,Dallas Mavericks,F-C,82,234 ,$10259375
157,Taurean Prince,77,Brooklyn Nets,F,79,220 ,$3481985
158,Dario Saric,77,Phoenix Suns,F,82,216 ,$3481985
159,Collin Sexton,77,Cleveland Cavaliers,G,73,190 ,$4764960
160,Dennis Smith,77,New York Knicks,G,74,195 ,$4463640
161,Cody Zeller,77,Charlotte Hornets,C-F,84,230 ,$14471910
162,Ivica Zubac,77,Los Angeles Clippers,C,84,265 ,$6481482
163,Jarrett Culver,77,Minnesota Timberwolves,G,78,195 ,$5813640
164,Willy Hernangomez,76,Charlotte Hornets,C-F,83,255 ,$1676735
165,Trevor Ariza,76,Portland Trail Blazers,F-G,80,210 ,$12200000
166,DJ Augustin,76,Orlando Magic,G,71,180 ,$7250000
167,Jose Juan Barea,76,Dallas Mavericks,G,70,175 ,$2564753
168,Michael Beasley,76,,F,82,235 ,$3500000
169,Davis Bertans,76,Washington Wizards,F,82,211 ,$7000000
170,Avery Bradley,76,Los Angeles Lakers,G,75,195 ,$6767000
171,Miles Bridges,76,Charlotte Hornets,F,78,225 ,$3755400
172,Jalen Brunson,76,Dallas Mavericks,G,73,190 ,$1416852
173,Kentavious Caldwell-Pope,76,Los Angeles Lakers,G,77,204 ,$8089282
174,Jae Crowder,76,Miami Heat,F,78,235 ,$7815533
175,Dewayne Dedmon,76,Atlanta Hawks,C,84,239 ,$13333334
176,Gorgui Dieng,76,Memphis Grizzlies,C,82,230 ,$16229213
177,Gerald Green,76,,F-G,78,192 ,$2564753
178,Jeff Green,76,Houston Rockets,F,80,235 ,$3405180
179,Rodney Hood,76,Portland Trail Blazers,F,80,208 ,$5718000
180,Kevin Huerter,76,Atlanta Hawks,G,79,190 ,$2636280
181,Ersan Ilyasova,76,Milwaukee Bucks,F,81,235 ,$7000000
182,Jonathan Isaac,76,Orlando Magic,F,83,205 ,$5806440
183,Josh Jackson,76,Memphis Grizzlies,F,80,203 ,$7059480
184,Frank Kaminsky,76,Phoenix Suns,F-C,84,231 ,$4767000
185,Michael Kidd-Gilchrist,76,Dallas Mavericks,F,78,232 ,$12784359
186,Kevin Knox,76,New York Knicks,F,79,215 ,$4380120
187,Meyers Leonard,76,Miami Heat,C,84,245 ,$11286515
188,Wesley Matthews,76,Milwaukee Bucks,G,76,220 ,$2564753
189,Emmanuel Mudiay,76,Utah Jazz,G,75,190 ,$1737145
190,Jahlil Okafor,76,New Orleans Pelicans,C,82,270 ,$1702486
191,Elfrid Payton,76,New York Knicks,G,75,185 ,$8000000
192,Michael Porter,76,Denver Nuggets,F,82,215 ,$3389400
193,Austin Rivers,76,Houston Rockets,G,75,200 ,$2174310
194,Andre Roberson,76,Oklahoma City Thunder,G-F,79,206 ,$10740740
195,Rajon Rondo,76,Los Angeles Lakers,G,73,186 ,$2564753
196,Landry Shamet,76,Los Angeles Clippers,G,76,180 ,$1995120
197,Daniel Theis,76,Boston Celtics,C,80,215 ,$5000000
198,Isaiah Thomas,76,,G,69,185 ,$2320044
199,Dion Waiters,76,Los Angeles Lakers,G,75,210 ,$12475385
200,Marvin Williams,76,Milwaukee Bucks,F,80,240 ,$14654179
201,Delon Wright,76,Dallas Mavericks,G,77,181 ,$9473684
202,Coby White,76,Chicago Bulls,G,76,185 ,$5307120
203,Pau Gasol,75,,C,85,250 ,$5538540
204,Aron Baynes,75,Phoenix Suns,C,82,260 ,$5453280
205,Kent Bazemore,75,Sacramento Kings,G,76,195 ,$19269663
206,Marco Belinelli,75,San Antonio Spurs,G,77,200 ,$5846154
207,Bismack Biyombo,75,Charlotte Hornets,C,80,229 ,$17000000
208,Mikal Bridges,75,Phoenix Suns,F-G,78,209 ,$4161000
209,Wilson Chandler,75,Brooklyn Nets,F-G,80,225 ,$2564753
210,Damyean Dotson,75,New York Knicks,G,77,202 ,$1618520
211,Kris Dunn,75,Chicago Bulls,G,75,205 ,$5348007
212,Wayne Ellington,75,New York Knicks,G,76,200 ,$8000000
213,Bryn Forbes,75,San Antonio Spurs,G,74,187 ,$2875000
214,Josh Hart,75,New Orleans Pelicans,G,77,204 ,$1934160
215,John Henson,75,Detroit Pistons,F,81,220 ,$9732396
216,Mario Hezonja,75,Portland Trail Blazers,F-G,80,201 ,$1737145
217,George Hill,75,Milwaukee Bucks,G,75,180 ,$10133907
218,Rondae Hollis-Jefferson,75,Toronto Raptors,F,78,211 ,$2500000
219,Richaun Holmes,75,Sacramento Kings,F,82,243 ,$4767000
220,James Johnson,75,Minnesota Timberwolves,F,79,245 ,$15349400
221,Luke Kennard,75,Detroit Pistons,G,77,196 ,$3827160
222,Kyle Korver,75,Milwaukee Bucks,F,79,212 ,$6004753
223,Rodions Kurucs,75,Brooklyn Nets,F,81,215 ,$1699236
224,Jake Layman,75,Minnesota Timberwolves,F,80,209 ,$3581986
225,Robin Lopez,75,Milwaukee Bucks,C,84,255 ,$4767000
226,Trey Lyles,75,San Antonio Spurs,F,81,241 ,$5500000
227,Boban Marjanovic,75,Dallas Mavericks,C,88,290 ,$3500000
228,TJ McConnell,75,Indiana Pacers,G,73,200 ,$3500000
229,Patrick Mills,75,San Antonio Spurs,G,73,185 ,$12678571
230,Malik Monk,75,Charlotte Hornets,G,75,197 ,$4028400
231,Markieff Morris,75,Los Angeles Lakers,F,80,245 ,$3709887
232,Shabazz Napier,75,Washington Wizards,G,72,175 ,$1845301
233,Cedi Osman,75,Cleveland Cavaliers,F-G,79,215 ,$2907143
234,Tomas Satoransky,75,Chicago Bulls,G,79,198 ,$10000000
235,Mike Scott,75,Philadelphia 76ers,F,79,237 ,$4767000
236,Noah Vonleh,75,Denver Nuggets,F,82,247 ,$2000000
237,Allonzo Trier,75,,G-F,76,200 ,$3551100
238,Juan Hernangomez,74,Minnesota Timberwolves,F,81,220 ,$3321029
239,Kyle Anderson,74,Memphis Grizzlies,F,81,230 ,$9073050
240,Jordan Bell,74,Cleveland Cavaliers,F-C,80,224 ,$1870564
241,Khem Birch,74,Orlando Magic,C,81,209 ,$3000000
242,Dillon Brooks,74,Memphis Grizzlies,G-F,79,225 ,$1618520
243,Reggie Bullock,74,New York Knicks,G,78,200 ,$4000000
244,Zach Collins,74,Portland Trail Blazers,C,83,232 ,$4240200
245,Pat Connaughton,74,Milwaukee Bucks,G,77,215 ,$1723050
246,Quinn Cook,74,Los Angeles Lakers,G,73,180 ,$3000000
247,Torrey Craig,74,Denver Nuggets,G,79,215 ,$2000000
248,Seth Curry,74,Dallas Mavericks,G,74,180 ,$7461380
249,Cheick Diallo,74,Phoenix Suns,F-C,80,219 ,$1678854
250,Yogi Ferrell,74,Sacramento Kings,G,72,178 ,$3150000
251,Markelle Fultz,74,Orlando Magic,G,75,195 ,$9745200
252,Harry Giles,74,Sacramento Kings,F-C,83,232 ,$2578800
253,Moe Harkless,74,New York Knicks,F,79,208 ,$11011234
254,Justin Jackson,74,Dallas Mavericks,F-G,79,201 ,$3280920
255,Tyler Johnson,74,Brooklyn Nets,G,75,186 ,$19428485
256,Derrick Jones,74,Miami Heat,F,78,195 ,$1645357
257,Cory Joseph,74,Sacramento Kings,G,75,185 ,$12000000
258,Maxi Kleber,74,Dallas Mavericks,F-C,82,211 ,$8000000
259,TJ Leaf,74,Indiana Pacers,F-C,82,222 ,$2813280
260,Doug McDermott,74,Indiana Pacers,F,79,218 ,$7333333
261,E'Twaun Moore,74,New Orleans Pelicans,G,75,191 ,$8664928
262,Joakim Noah,74,Los Angeles Clippers,C,83,227 ,$6813026
263,Kyle O'Quinn,74,Philadelphia 76ers,F-C,81,240 ,$2174318
264,Chandler Parsons,74,,F,81,200 ,$25102512
265,Norman Powell,74,Toronto Raptors,G,75,215 ,$10116576
266,Ivan Rabb,74,,F-C,82,220 ,$451326
267,Glenn Robinson III,74,Golden State Warriors,F,78,211 ,$1882867
268,Denzel Valentine,74,Chicago Bulls,G,76,210 ,$3377568
269,Robert Williams,74,Boston Celtics,F-C,80,237 ,$1937520
270,Christian Wood,74,Detroit Pistons,F,82,216 ,$1645357
271,Jaxson Hayes,74,New Orleans Pelicans,F-C,83,220 ,$4862040
272,Rui Hachimura,74,Washington Wizards,F,80,225 ,$4469160
273,OG Anunoby,73,Toronto Raptors,F-G,79,232 ,$2281800
274,Dwayne Bacon,73,Charlotte Hornets,G,78,220 ,$1618520
275,DeAndre Bembry,73,Atlanta Hawks,F,77,207 ,$2603981
276,Jonah Bolden,73,Phoenix Suns,F,80,215 ,$1788296
277,Sterling Brown,73,Milwaukee Bucks,G,77,230 ,$1618520
278,Bruce Brown,73,Detroit Pistons,G,76,190 ,$1416852
279,Troy Brown,73,Washington Wizards,F-G,78,215 ,$3219480
280,Alec Burks,73,Philadelphia 76ers,G,78,195 ,$2320044
281,Alex Caruso,73,Los Angeles Lakers,G,77,186 ,$2750000
282,Tyson Chandler,73,Houston Rockets,C,84,235 ,$2564753
283,Allen Crabbe,73,,G-F,77,197 ,$17818456
284,Matthew Dellavedova,73,Cleveland Cavaliers,G,75,190 ,$9607500
285,James Ennis,73,Orlando Magic,F,78,201 ,$1882867
286,Dorian Finney-Smith,73,Dallas Mavericks,F,79,213 ,$4000000
287,Shaquille Harrison,73,Chicago Bulls,G,79,190 ,$1620564
288,Aaron Holiday,73,Indiana Pacers,G,72,185 ,$2239200
289,Danuel House,73,Houston Rockets,F,78,220 ,$3540000
290,Stanley Johnson,73,Toronto Raptors,F,78,242 ,$3623000
291,Tyus Jones,73,Memphis Grizzlies,G,72,185 ,$10116000
292,Furkan Korkmaz,73,Philadelphia 76ers,F,79,185 ,$1620564
293,Ian Mahinmi,73,Washington Wizards,C,83,230 ,$15450051
294,CJ Miles,73,,G-F,78,232 ,$8730158
295,Mike Muscala,73,Oklahoma City Thunder,F-C,82,230 ,$2028594
296,Frank Ntilikina,73,New York Knicks,G,76,190 ,$4855800
297,David Nwaba,73,Houston Rockets,G,77,210 ,$2581965
298,Royce O'Neale,73,Utah Jazz,F,76,226 ,$1618520
299,Semi Ojeleye,73,Boston Celtics,F,78,235 ,$1618520
300,Josh Okogie,73,Minnesota Timberwolves,G,76,213 ,$2530680
301,Jonathon Simmons,73,,G-F,78,195 ,$1000000
302,Ishmael Smith,73,Washington Wizards,G,72,175 ,$6000000
303,Tony Snell,73,Detroit Pistons,F,78,198 ,$11392857
304,Omari Spellman,73,Minnesota Timberwolves,F,80,245 ,$1897800
305,Garrett Temple,73,Brooklyn Nets,G-F,77,195 ,$4767000
306,Evan Turner,73,Minnesota Timberwolves,G-F,78,205 ,$18606556
307,Lonnie Walker,73,San Antonio Spurs,G,77,204 ,$2764200
308,Brad Wanamaker,73,Boston Celtics,G,75,210 ,$1445697
309,Ante Zizic,73,Cleveland Cavaliers,C,82,250 ,$2281800
310,Tyler Herro,73,Miami Heat,G,77,195 ,$3640200
311,Vincent Poirier,73,Boston Celtics,C,84,235 ,$2505793
312,Sekou Doumbouya,73,Detroit Pistons,F,80,209 ,$3285120
313,Brandon Clarke,73,Memphis Grizzlies,F,80,215 ,$2478840
314,Nicolo Melli,73,New Orleans Pelicans,F,81,236 ,$4102564
315,Nassir Little,73,Portland Trail Blazers,F,77,220 ,$2105520
316,Grayson Allen,72,Memphis Grizzlies,G,76,205 ,$2429400
317,Antonio Blakeney,72,,G-F,76,197 ,$1488231
318,Michael Carter-Williams,72,Orlando Magic,G,77,184 ,$2028594
319,Troy Daniels,72,Denver Nuggets,G,76,200 ,$2487033
320,Donte DiVincenzo,72,Milwaukee Bucks,G,76,205 ,$2905800
321,Jared Dudley,72,Los Angeles Lakers,F,78,225 ,$2564753
322,Cristiano Felicio,72,Chicago Bulls,F,82,270 ,$8156500
323,Tim Frazier,72,,G,72,170 ,$1620564
324,Langston Galloway,72,Detroit Pistons,G,73,202 ,$7333333
325,Justin Holiday,72,Indiana Pacers,G,78,180 ,$4767000
326,Chandler Hutchison,72,Chicago Bulls,F,79,196 ,$2332320
327,Wesley Iwundu,72,Orlando Magic,F,78,205 ,$1618520
328,Brandon Knight,72,Detroit Pistons,G,74,189 ,$15643750
329,Courtney Lee,72,Dallas Mavericks,G-F,77,200 ,$12759670
330,Thon Maker,72,Detroit Pistons,F-C,84,216 ,$3569643
331,Patrick McCaw,72,Toronto Raptors,G,79,181 ,$4000000
332,Rodney McGruder,72,Los Angeles Clippers,G,76,205 ,$4807693
333,Darius Miller,72,New Orleans Pelicans,F,78,225 ,$7250000
334,Raul Neto,72,Philadelphia 76ers,G,73,170 ,$1737145
335,Georges Niang,72,Utah Jazz,F,79,230 ,$1645357
336,Cameron Payne,72,Phoenix Suns,G,74,180 ,$346288
337,Anfernee Simons,72,Portland Trail Blazers,G,75,181 ,$2149560
338,Zhaire Smith,72,Philadelphia 76ers,G-F,75,205 ,$3058800
339,Anthony Tolliver,72,Memphis Grizzlies,F,80,240 ,$2854556
340,DJ Wilson,72,Milwaukee Bucks,F,82,234 ,$2961120
341,Alfonzo McKinnie,72,Cleveland Cavaliers,F,80,215 ,$2391985
342,Romeo Langford,72,Boston Celtics,G,76,216 ,$3458400
343,Grant Williams,72,Boston Celtics,F,78,236 ,$2379840
344,Nicolas Claxton,72,Brooklyn Nets,C,83,215 ,$898310
345,PJ Washington,72,Charlotte Hornets,F,79,225 ,$3831840
346,Ryan Arcidiacono,72,Chicago Bulls,G,75,195 ,$3000000
347,Kevin Porter,72,Cleveland Cavaliers,G-F,76,218 ,$1290960
348,Ryan Broekhoff,72,Philadelphia 76ers,F,78,215 ,$2833704
349,Goga Bitadze,72,Indiana Pacers,C,83,250 ,$2816760
350,De'Anthony Melton,72,Memphis Grizzlies,G,74,190 ,$1416852
351,Kenrich Williams,72,New Orleans Pelicans,G-F,78,210 ,$1416852
352,Nickeil Alexander-Walker,72,New Orleans Pelicans,G,77,205 ,$2964840
353,Chuma Okeke,72,,F-C,80,230 ,$2773550
354,Matisse Thybulle,72,Philadelphia 76ers,G-F,77,201 ,$2582160
355,Cameron Johnson,72,Phoenix Suns,F,80,210 ,$4033440
356,Ty Jerome,72,Phoenix Suns,G,77,195 ,$2193480
357,Luka Samanic,72,San Antonio Spurs,F,82,209 ,$2689920
358,Keldon Johnson,72,San Antonio Spurs,F,77,211 ,$1950600
359,Matt Thomas,72,Toronto Raptors,G,76,197 ,$898310
360,Chris Boucher,71,Toronto Raptors,F-C,81,200 ,$1588231
361,Jevon Carter,71,Phoenix Suns,G,73,200 ,$1416852
362,Deyonta Davis,71,,F-C,82,240 ,$250000
363,Jacob Evans,71,Minnesota Timberwolves,G,76,210 ,$1925880
364,Terrance Ferguson,71,Oklahoma City Thunder,G,78,184 ,$2475840
365,Daniel Gafford,71,Chicago Bulls,F,82,234 ,$898310
366,Treveon Graham,71,Atlanta Hawks,G,77,219 ,$1645357
367,Frank Jackson,71,New Orleans Pelicans,G,75,205 ,$1618520
368,Luke Kornet,71,Chicago Bulls,C,86,240 ,$2250000
369,Frank Mason,71,Milwaukee Bucks,G,71,190 ,$79568
370,Ben McLemore,71,Houston Rockets,G,75,189 ,$2028594
371,Dzanan Musa,71,Brooklyn Nets,F,81,195 ,$1911600
372,Elie Okobo,71,Phoenix Suns,G,75,190 ,$1416852
373,Jerome Robinson,71,Washington Wizards,G,76,190 ,$3567720
374,JaKarr Sampson,71,Indiana Pacers,F,79,223 ,$1737145
375,Edmond Sumner,71,Indiana Pacers,G,76,186 ,$2000000
376,Gary Trent Jr,71,Portland Trail Blazers,G,77,209 ,$1416852
377,Moritz Wagner,71,Washington Wizards,F,83,240 ,$2063520
378,Admiral Schofield,71,Washington Wizards,F,77,241 ,$1000000
379,Bruno Fernando,71,Atlanta Hawks,F,81,245 ,$1400000
380,Alen Smailagic,71,Golden State Warriors,F,82,215 ,$898310
381,Eric Paschall,71,Golden State Warriors,F,78,255 ,$898310
382,Carsen Edwards,71,Boston Celtics,G,71,200 ,$1228026
383,KZ Okpala,71,Miami Heat,F,80,215 ,$898310
384,Shake Milton,71,Philadelphia 76ers,C,77,205 ,$1445697
385,Chimezie Metu,71,San Antonio Spurs,F,81,225 ,$1416852
386,Keita Bates-Diop,70,Denver Nuggets,F,80,235 ,$1416852
387,Darius Bazley,70,Oklahoma City Thunder,F,80,200 ,$2284800
388,Tony Bradley,70,Utah Jazz,F-C,82,248 ,$1962360
389,Hamidou Diallo,70,Oklahoma City Thunder,G,77,198 ,$1416852
390,Melvin Frazier,70,Orlando Magic,F,77,201 ,$1416852
391,Solomon Hill,70,Miami Heat,F,78,226 ,$13290395
392,Alize Johnson,70,Indiana Pacers,F,79,201 ,$1416852
393,Skal Labissiere,70,Atlanta Hawks,C-F,82,216 ,$2338846
394,Tyler Lydon,70,,F-C,81,220 ,$50000
395,Sviatoslav Mykhailiuk,70,Detroit Pistons,G,79,205 ,$1416852
396,Johnathan Motley,70,Los Angeles Clippers,F,80,230 ,$79568
397,Abdel Nader,70,Oklahoma City Thunder,F,77,225 ,$1618520
398,Miles Plumlee,70,,F-C,83,255 ,$12500000
399,Caleb Swanigan,70,Portland Trail Blazers,C,81,249 ,$2033160
400,Jarred Vanderbilt,70,Minnesota Timberwolves,F,81,214 ,$1416852
401,Jemerrio Jones,70,,F,77,201 ,$195077
402,Jordan Poole,70,Golden State Warriors,G,76,194 ,$1964760
403,Talen Horton-Tucker,70,Los Angeles Lakers,G,76,234 ,$898310
404,Yante Maten,70,,F-C,80,240 ,$100000
405,Thanasis Antetokounmpo,70,Milwaukee Bucks,F,78,215 ,$1445697
406,Naz Reid,70,Minnesota Timberwolves,C,81,249 ,$898310
407,Ignas Brazdeikis,70,New York Knicks,F,78,216 ,$898310
408,Deonte Burton,70,Oklahoma City Thunder,G,76,240 ,$1416852
409,Justin James,70,Sacramento Kings,G,79,190 ,$898310
410,Henry Ellenson,69,,F-C,82,242 ,$79568
411,Devonte Graham,69,Charlotte Hornets,G,73,185 ,$1416852
412,Amile Jefferson,69,,F-C,81,224 ,$1529007
413,Khyri Thomas,69,Detroit Pistons,G,75,210 ,$1416852
414,Theo Pinson,69,New York Knicks,G,77,220 ,$1445697
415,Gary Clark,69,Orlando Magic,F,78,225 ,$1427191
416,Terance Mann,69,Los Angeles Clippers,G,77,215 ,$1000000
417,Cam Reynolds,69,Milwaukee Bucks,G,79,225 ,$79568
418,Tyrone Wallace,69,,G-F,77,200 ,$502491
419,Miye Oni,69,Utah Jazz,F,77,210 ,$898310
420,Malcolm Miller,69,Toronto Raptors,F,79,205 ,$1588231
421,Isaac Bonga,68,Washington Wizards,G,80,200 ,$1416852
422,Isaiah Hartenstein,68,,F-C,84,250 ,$1416852
423,Jordan McRae,68,Detroit Pistons,G,77,179 ,$1254933
424,Brandon Goodwin,68,Atlanta Hawks,G,72,180 ,$522738
425,Michael Frazier,68,Houston Rockets,G,75,200 ,$79568
426,Kostas Antetokounmpo,68,Los Angeles Lakers,F,82,200 ,$79568
427,Jalen Lecque,68,Phoenix Suns,G,75,190 ,$898310
428,Duncan Robinson,67,Miami Heat,F,79,215 ,$1416852
429,LeBron James,97,Los Angeles Lakers,F,81,250 ,$39219566
430,Giannis Antetokounmpo,97,Milwaukee Bucks,F-G,83,242 ,$27528088
431,Kawhi Leonard,96,Los Angeles Clippers,F,79,225 ,$34379100
432,James Harden,96,Brooklyn Nets,G,77,220 ,$41254920
433,Stephen Curry,95,Golden State Warriors,G,75,185 ,$43006362
434,Kevin Durant,95,Brooklyn Nets,F,82,230 ,$42018900
435,Anthony Davis,95,Los Angeles Lakers,F-C,82,222 ,$32742000
436,Luka Doncic,94,Dallas Mavericks,G-F,79,227 ,$8049360
437,Damian Lillard,94,Portland Trail Blazers,G,74,195 ,$31626953
438,Joel Embiid,91,Philadelphia 76ers,C,84,250 ,$29542010 
439,Stephen Curry,96,Golden State Warriors,G,75,185 ,$45780966
440,Kevin Durant,96,Brooklyn Nets,F,82,230 ,$40918900
441,LeBron James,96,Los Angeles Lakers,F,81,250 ,$41180544
442,Giannis Antetokounmpo,96,Milwaukee Bucks,F-G,83,242 ,$39344900
443,Nikola Jokic,95,Denver Nuggets,C,84,253 ,$31044906
444,Joel Embiid,95,Philadelphia 76ers,C,84,250 ,$31579390
445,Kawhi Leonard,95,Los Angeles Clippers,F,79,225 ,$39344900
446,Luka Doncic,94,Dallas Mavericks,G-F,79,227 ,$10174391
447,Damian Lillard,94,Portland Trail Blazers,G,74,195 ,$39344900
448,James Harden,94,Brooklyn Nets,G,77,220 ,$44310840
449,Paul George,90,Los Angeles Clippers,F,80,210 ,$35450412
450,Nikola Jokic,90,Denver Nuggets,C,84,253 ,$29542010 
451,Kyrie Irving,90,Brooklyn Nets,G,74,180 ,$33722850
452,Karl-Anthony Towns,90,Minnesota Timberwolves,F-C,83,248 ,$29467800
453,Klay Thompson,89,Golden State Warriors,G,78,205 ,$35361360
454,Jimmy Butler,89,Miami Heat,G,79,220 ,$34379100
455,Trae Young,88,Atlanta Hawks,G,73,180 ,$6571800
456,Russell Westbrook,88,Houston Rockets,G,75,190 ,$41358814
457,Pascal Siakam,88,Toronto Raptors,F,81,227 ,$30559200
458,Donovan Mitchell,88,Utah Jazz,G,73,211 ,$5195501
459,Chris Paul,88,Oklahoma City Thunder,G,73,175 ,$41358814
460,Bradley Beal,88,Washington Wizards,G,75,207 ,$28751774
461,Rudy Gobert,87,Utah Jazz,C,85,238 ,$27525281
462,Kyle Lowry,87,Toronto Raptors,G,72,205 ,$30500000
463,Kristaps Porzingis,87,Dallas Mavericks,F-C,87,220 ,$29467800
